Language,Method,Original bytes,Compressed bytes,Compression ratio (%),Space saving (%)
English,Huffman,33119,18636,56.26981490987047,43.73018509012954
English,LZW,33119,8207,24.780337570578823,75.21966242942118
English,Adaptive Huffman,33119,18298,55.249252694827746,44.750747305172254
English,gzip,33119,726,2.192095171955675,97.80790482804433
English,zlib,33119,714,2.1558621939068208,97.84413780609317
Persian,Huffman,51119,26793,52.41299712435689,47.5870028756431
Persian,LZW,51119,11243,21.993779221033275,78.00622077896674
Persian,Adaptive Huffman,51119,26461,51.76353215047243,48.23646784952758
Persian,gzip,51119,881,1.7234296445548623,98.27657035544513
Persian,zlib,51119,869,1.6999550069445803,98.30004499305542
